[
    {
        "lesson_id": 1,
        "subject": "English",
        "input": "nowt",
        "title": "AAAAAAAAAAAAAAAAAAAAAAAAAAA",
        "questions": [
            "",
            "",
            "",
            "",
            ""
        ],
        "answers": [
            "Five",
            "yes",
            "dunno",
            "huh?",
            "Panama?"
        ],
        "grade": "f"
    },
    {
        "lesson_id": 2,
        "subject": "English",
        "input": "Look at .........",
        "title": "Adjectives",
        "questions": [
            "Lorem ipsum dolor?",
            "sit amet, consectetur.",
            "adipiscing elit",
            "sed do eiusmod",
            "tempor incididunt ut labore ?"
        ],
        "answers": [
            "Five",
            "yes",
            "dunno",
            "huh?",
            "Panama?"
        ],
        "grade": "f"
    },
    {
        "lesson_id": 1,
        "subject": "Computer Science",
        "input": "dummy",
        "title": "data",
        "questions": [
            "A question?",
            "Another question.",
            "Yet another question.",
            "Fourth question",
            "Fifth question"
        ],
        "answers": [
            "Five",
            "yes",
            "dunno",
            "huh?",
            "Panama?"
        ],
        "grade": "F"
    },
    {
        "lesson_id": 2,
        "subject": "Computer Science",
        "input": "More dummy",
        "title": "More data",
        "questions": [
            "A question?",
            "Another question.",
            "Yet another question.",
            "Fourth question",
            "Fifth question"
        ],
        "answers": [
            "Five",
            "yes",
            "dunno",
            "huh?",
            "Panama?"
        ],
        "grade": "A"
    },
    {
        "lesson_id": 1,
        "subject": "Science",
        "input": "Lorem",
        "title": "ipsum",
        "questions": [
            " consectetur adipiscing elit",
            "sed do",
            "eiusmod tempor incididunt.",
            "ut labore et dolore ",
            "magna aliqua. Ut enim"
        ],
        "answers": [
            "Five",
            "yes",
            "dunno",
            "huh?",
            "Panama?"
        ],
        "grade": "D"
    },
    {
        "lesson_id": 2,
        "subject": "Science",
        "input": "ad minim",
        "title": "veniam, quis",
        "questions": [
            "nostrud exercitation",
            "ullamco",
            "eiusmod tempor incididunt.",
            "ut labore et dolore ",
            "magna aliqua. Ut enim"
        ],
        "answers": [
            "Five",
            "yes",
            "dunno",
            "huh?",
            "Panama?"
        ],
        "grade": "C"
    },
    {
        "lesson_id": 3,
        "subject": "English",
        "title": "neeeeeeeeeeeeeeeeeeeeew",
        "input": "asass",
        "questions": [
            "",
            "",
            "",
            "",
            ""
        ],
        "answers": [
            "",
            "a",
            "a",
            "a",
            "a"
        ],
        "grade": "f"
    },
    {
        "lesson_id": 4,
        "subject": "English",
        "title": "test",
        "input": "test",
        "questions": [
            "tes1",
            "test2",
            "test3",
            "test4",
            "test5"
        ],
        "answers": [
            "",
            "",
            "",
            "",
            ""
        ],
        "grade": null
    },
    {
        "lesson_id": 5,
        "subject": "English",
        "title": "aaaa",
        "input": "bbbb",
        "questions": [
            "cccc",
            "ddd",
            "eee",
            "fff",
            "ggg"
        ],
        "answers": [
            "",
            "",
            "",
            "",
            ""
        ],
        "grade": null
    },
    {
        "lesson_id": 1,
        "subject": "Maths",
        "input": "This is how to muliply...",
        "title": "How to multiply",
        "questions": [
            "5 x 3",
            "3 x 2",
            "4 x 8",
            "5 x 5",
            "9 x 8"
        ],
        "answers": [
            "4",
            "2",
            "0",
            "",
            "\nEnter an answer for question 5: \n"
        ],
        "grade": ""
    },
    {
        "lesson_id": 2,
        "subject": "Maths",
        "title": "How to subtract",
        "input": "This i show to subtract",
        "questions": [
            "7 - 3",
            "8 - 6",
            "9 - 9",
            "8 - 9",
            "7 - 12"
        ],
        "answers": [
            "4",
            "2",
            "0",
            "",
            "\nEnter an answer for question 5: \n"
        ],
        "grade": null
    },
    {
        "lesson_id": 6,
        "subject": "English",
        "title": "Admin.view_students()",
        "input": "s",
        "questions": [
            "d",
            "sa",
            "",
            "s",
            "d"
        ],
        "answers": [
            "",
            "",
            "",
            "",
            ""
        ],
        "grade": null
    }
]