[
    {
        "login_email": "student1@school.co.uk",
        "hashed_password": "05981c9e36bdac1988a4a21b6aa79669863481a2fa0b2bce7a075aecd585593d",
        "id": 900,
        "fname": "Victoria",
        "lname": "Adams",
        "DOB": "11.05.95",
        "subject": "English",
        "current_lesson_id": 1,
        "assigned_teacher_id": 1
    },
    {
        "login_email": "student2@school.co.uk",
        "hashed_password": "ed275e7092f41445511531cdd013f780414e73bd5132031fdfb58edc7a62d90d",
        "id": 901,
        "fname": "Dane",
        "lname": "Bowers",
        "DOB": "11.06.95",
        "subject": "English",
        "current_lesson_id": 2,
        "assigned_teacher_id": 1
    },
    {
        "login_email": "student3@school.co.uk",
        "hashed_password": "3871730d7d99aa91fcb7876c5fb7106836134580c22a47ea568da2ba75f81911",
        "id": 902,
        "fname": "Paloma",
        "lname": "Faith",
        "DOB": "11.08.95",
        "subject": "Maths",
        "current_lesson_id": 2,
        "assigned_teacher_id": 2
    },
    {
        "login_email": "student4@school.co.uk",
        "hashed_password": "7f2e08da0e046b4ce1c906da09489bc8f6c6fdef9c36d9e4b9a013bf2e9d32f3",
        "id": 903,
        "fname": "Test",
        "lname": "Student",
        "DOB": "11.10.89",
        "subject": "Maths",
        "current_lesson_id": 1,
        "assigned_teacher_id": 2
    },
    {
        "login_email": "student5@school.co.uk",
        "hashed_password": "85dfb49a5380a51693ef4753f95aa2f3946cfafb2cff689e8ff0d653bb1523c9",
        "id": 904,
        "fname": "Alan",
        "lname": "Turing",
        "DOB": "12.05.12",
        "subject": "Computer Science",
        "current_lesson_id": 1,
        "assigned_teacher_id": 4
    },
    {
        "login_email": "student6@school.co.uk",
        "hashed_password": "699919f851b7a25a3967df9e9ecca1eccfe45bed5cb35517ca214cd164fad64d",
        "id": 905,
        "fname": "New",
        "lname": "Student",
        "DOB": "12.12.98",
        "subject": "Computer Science",
        "current_lesson_id": 1,
        "assigned_teacher_id": 4
    },
    {
        "login_email": "student7@school.co.uk",
        "hashed_password": "HeavenBoot65",
        "id": 906,
        "fname": "Unsecure",
        "lname": "Student",
        "DOB": "06.06.96",
        "subject": "Science",
        "current_lesson_id": 1,
        "assigned_teacher_id": 3
    },
    {
        "login_email": "student8@school.co.uk",
        "hashed_password": "BigNine58",
        "id": 907,
        "fname": "Unsecured",
        "lname": "Student",
        "DOB": "12.11.98",
        "subject": "Maths",
        "current_lesson_id": 1,
        "assigned_teacher_id": 2
    },
    {
        "login_email": "student8@school.co.uk",
        "hashed_password": "ede5e10e89b7381369539d3cb73e409e82240d0e4aa4dae20f69ba3d453ccd1d",
        "id": 907,
        "fname": "Secured",
        "lname": "Student",
        "DOB": "14.02.99",
        "subject": "Computer Science",
        "current_lesson_id": 1,
        "assigned_teacher_id": 4
    }
]